| Exhibit | Object | Object Type | Call Number | Link to Object Image | Copyright Status |
|...........|..........|.....|......|.......|.......|
| The Life and Objects of Rufus Jones | Diaries, 1878-1883 | Diaries | HC.MC-1130_038_02_02 | https://digitalcollections.tricolib.brynmawr.edu/node/554400 | None |

The Life and Objects of Rufus Jones | Message to German People by RMJ | Article | HC.MC-1130_083_17_52 | https://digitalcollections.tricolib.brynmawr.edu/node/483274 | None |

The Life and Objects of Rufus Jones | Speech on AFSC work | Speeches (compositions) | HC.MC-1130_081_01_01 | https://digitalcollections.tricolib.brynmawr.edu/node/484307 | None |

| The Life and Objects of Rufus Jones | Photograph of RMJ recieving 1943 Honorary degree | Photograph | HC.MC-1130_099_12_09  | https://digitalcollections.tricolib.brynmawr.edu/node/487752 | None |

| The Life and Objects of Rufus Jones | Doctorate of Laws from Earlham  Diploma | MC1130, Box 97 | https://digitalcollections.tricolib.brynmawr.edu/node/537063 | None |

| The Life and Objects of Rufus Jones | Doctorate of Letters from Whittier College | Diploma | MC1130 Box 97 |  https://digitalcollections.tricolib.brynmawr.edu/node/537066 | None |

| The Life and Objects of Rufus Jones | Tourist map of India, 1926 | Map |MC11130, Box 88, Folder 18 | https://digitalcollections.tricolib.brynmawr.edu/node/554398 | None |

| The Life and Objects of Rufus Jones | RMJ and EBJ 1926 Passport | Passport | HC.MC-1130_083_05_02 | https://digitalcollections.tricolib.brynmawr.edu/node/482386 | None |

| The Life and Objects of Rufus Jones | 1926 pamphlet about RMJ's lecture in Jinan | pamphlets | HC.MC-1130_088_17_02 | https://digitalcollections.tricolib.brynmawr.edu/node/492792 | None |

| The Life and Objects of Rufus Jones | Cook's Guide to Peking (used 1926), 1924 | books |  Box 88, Folder 19 | https://digitalcollections.tricolib.brynmawr.edu/node/554401 | None |

The Life and Objects of Rufus Jones  1926 Calender, June-December  Calenders  HC.MC-1130_088_17_01  https://digitalcollections.tricolib.brynmawr.edu/node/492782  None

| The Life and Objects of Rufus Jones | Note cards for Public Address on New Year, 1932 | notes (documents) | HC.MC-1130_080_05_02 | https://digitalcollections.tricolib.brynmawr.edu/node/481330 | None |

| The Life and Objects of Rufus Jones | Letter from Herbert Hoover to RMJ, 1919 November 1 | letters (correspondence) | MC1130, Box 12, Folder 3 | https://digitalcollections.tricolib.brynmawr.edu/node/537102 | None |

| The Life and Objects of Rufus Jones | Letter from James A. Babbitt to RMJ, 1919 March 4 | letters (correspondence) | MC1130_012_02_40 | https://digitalcollections.tricolib.brynmawr.edu/node/325201 | None |

| The Life and Objects of Rufus Jones | Letter from Charles Rhoades to RMJ, 1919 June 19 | letters (correspondence) | HC.MC-1130_012_02_36 | https://digitalcollections.tricolib.brynmawr.edu/node/325183 | None |

| The Life and Objects of Rufus Jones | Photograph of Rufus Jones by Wurts Brothers Photographers at a meeting of the American Friends Service Committee in Philadelphia, celebrating his 80th birthday, 1943 | photographs | MC1130_100_03_17 | https://digitalcollections.tricolib.brynmawr.edu/node/487976  | None

| The Life and Objects of Rufus Jones | Portrait of RMJ in a classroom, circa 1901 | photographs | HC.MC-1130_097_18_01 | https://digitalcollections.tricolib.brynmawr.edu/node/487364 | None |

| The Life and Objects of Rufus Jones | Portrait of RMJ at Moses Brown School, 1881 | photographs | HC.MC-1130_097_17_14 | https://digitalcollections.tricolib.brynmawr.edu/node/487358 | None |

| The Life and Objects of Rufus Jones | Photograph of RMJ and other boys on sled, 1884-85 | photographs | HC.MC-1130_099_08_07 | https://digitalcollections.tricolib.brynmawr.edu/node/487654 |  None

| The Life and Objects of Rufus Jones | Photo of RMJ in South China, Maine, 1947 | photographs | HC.MC-1130_110_15_01 | https://digitalcollections.tricolib.brynmawr.edu/node/488236 | None |

| Rufus Jones in Community | Photograph of classroom at Ramallah Friends School, 1898 | photographs | HC.MC-1130_100_07_09 | https://digitalcollections.tricolib.brynmawr.edu/node/488084 | None |

| Rufus Jones in Community | Photograph of graduating class at Ramallah Friends School | photographs | HC.MC-1130_100_09_08 | https://digitalcollections.tricolib.brynmawr.edu/node/488134 | None |

| Rufus Jones in Community | Photograph of group at Woodbrooke Summer School, 1903 | photographs | HC.MC-1130_099_13_05 | https://digitalcollections.tricolib.brynmawr.edu/node/487761 | None |

| Rufus Jones in Community | Photograph of RMJ and friends hiking in Canadian Rockies, 1912 | photographs | HC.MC-1130_100_12_01 | https://digitalcollections.tricolib.brynmawr.edu/node/488166 | None |

| Rufus Jones in Community | Photograph of RMJ, EBJ, MHJ and others in India, 1926 | photographs | HC.MC-1130_100_18_10 | https://digitalcollections.tricolib.brynmawr.edu/node/488376 | None |

| Rufus Jones in Community | Photo of RMJ, EBJ with officials in Pootung Model Village, Shanghai, 1926 | photographs | HC.MC-1130_100_17_03 | https://digitalcollections.tricolib.brynmawr.edu/node/488338 | None |

| Rufus Jones in Community | Letter from Gandhi to RMJ, 1926 October 29 | letters (correspondence) | HC.MC-1130_016_05_68 | https://digitalcollections.tricolib.brynmawr.edu/node/327523 |  None |

| Rufus Jones in Community | Letter from Gandhi to RMJ, 1926 May 28 | letters (correspondence) | HC.MC-1130_016_05_67 | https://digitalcollections.tricolib.brynmawr.edu/node/327520 | None |

| Rufus Jones in Community |  Photo of RMJ and group in Tokyo, 1926 |  photographs | HC.MC-1130_100_18_09 | https://digitalcollections.tricolib.brynmawr.edu/node/488373 | None |

| Rufus Jones in Community | Photo of School of Religion family, Old Phaleron, Greece, 1929 | photographs | HC.MC-1130_100_20_01 | https://digitalcollections.tricolib.brynmawr.edu/node/488412 | None |

| Rufus Jones in Community | Photo of RMj, Gilbert and Minnie Bowles, Khalil Totah on Jordan River, 1930 | photographs | HC.MC-1130_100_18_04 | https://digitalcollections.tricolib.brynmawr.edu/node/488358 | None |

| Rufus Jones in Community | Photo of students from Friends Girl School Tokyo, 1935 | photographs | HC.MC-1130_100_22_02 | https://digitalcollections.tricolib.brynmawr.edu/node/488458 | None |

| Rufus Jones in Community | Photo of RMJ, EBJ and Penrose Whitlow at Cape of Good Hope, 1938 March 9 |  photographs | HC.MC-1130_100_24_02 | https://digitalcollections.tricolib.brynmawr.edu/node/488484 | None |

| Rufus Jones in Community | Letter from RMJ to Herbert Hoover, 1940 January 9  letters (correspondence) | HC.MC-1130_036_10_02 | https://digitalcollections.tricolib.brynmawr.edu/node/446856 | None |

| Rufus Jones in Community | Photo of RMJ at 1947 Nobel Prize Dinner | photographs | HC.MC-1130_100_06_14 | https://digitalcollections.tricolib.brynmawr.edu/node/488059 | None |

| Exploring the Life of Ada Smith | Rufus M. Jones by MHJ : Paragraph about Ada Smith on Page 63 | book | BX7754.Z5 J85 | https://tripod.haverford.edu/permalink/01TRI_INST/mh8mqq/alma991008653429704921 | In Copyright |

| Exploring the Life of Ada Smith | Photo of RMJ, EBJ, and MHJ with Ada Smith at Eaglesmere 1907 | photographs | HC.MC-1130_99_05_18 | https://digitalcollections.tricolib.brynmawr.edu/node/487577 | None |

| Exploring the Life of Ada Smith | "For Ada Smith", unpublished poem by Mary Hoxie Jones | poems | MC1310 Box 15, tracing the rainbow | https://digitalcollections.tricolib.brynmawr.edu/node/537101 | In Copyright |

| Exploring the Life of Ada Smith | U.S. Census including Ada Smith | census | https://www.ancestryinstitution.com/imageviewer/collections/7884/images/4450126_00993?pId=24418759 | None |

| Exploring the Life of Ada Smith | Letter from Ada Smith to John W. Cadbury Jr., 1932 June 28 | letters (correspondence) | HC.MC-1130_020_07_46 | https://digitalcollections.tricolib.brynmawr.edu/node/357039 | None |

| Exploring the Life of Ada Smith | Letter from Ada Smith to John W. Cadbury Jr, 1934 December 22 | letters (correspondence) | HC.MC-1130_022_07_82 | https://digitalcollections.tricolib.brynmawr.edu/node/365138 | None |

| Exploring the Life of Ada Smith | Letter from Ada Smith to John W. Cadbury Jr, 1935 March 11 | letters (correspondence) | HC.MC-1130_023_04_88 | https://digitalcollections.tricolib.brynmawr.edu/node/366222 | None |

| Exploring the Life of Ada Smith | Genelogy of Ada Smith's family | genealogies | MC1130 Box 123 Folder 6 | https://digitalcollections.tricolib.brynmawr.edu/node/537098 | None |

| Exploring the Life of Ada Smith | 1955 Charlottesville city directory | city directory | From Ancestry | https://www.ancestryinstitution.com/imageviewer/collections/2469/images/12065717?usePUB=true&_phsrc=ONi528&_gl=1*qy56pw*_up*MQ..*_ga*MTI2NTU3MzU0MS4xNzc1MDcyNjg0*_ga_4QT8FMEX30*c2JlYmM0NDNiLWE3NjMtNDE1NC1hNzJhLWNhZmJiYmYzNDBmNSRvMSRnMCR0MTc3NTA3MjY4NCRqNjAkbDAkaDA.*_ga_LMK6K2LSJH*c2JlYmM0NDNiLWE3NjMtNDE1NC1hNzJhLWNhZmJiYmYzNDBmNSRvMSRnMCR0MTc3NTA3MjY4NCRqNjAkbDAkaDA.&pId=1081593517 |  None |

| Exploring the Life of Ada Smith | Possibly Ada Smith's home in Ardmore | photograph | In Harvard's Collection | http://id.lib.harvard.edu/images/olvsite18824/urn-3:GSD.loeb:U48638_1/catalog | Part of Harvard's Collection |

| Exploring the Life of Ada Smith | Negative of Ada Smith, undated | negative | HC.MC-1130_123_06_02 | https://digitalcollections.tricolib.brynmawr.edu/node/503049 | None |

| Exploring the Life of Ada Smith | Photograph of Willie Smith and MHJ, Xmas1904 | photographs | MC1130 Box 120 Folder 18 | https://digitalcollections.tricolib.brynmawr.edu/node/537095 | None |

| Queering the Archive: Mary Hoxie Jones and Frances Ferris | Photograph of MHJ and FCF on hike to Twin Falls, circa 1935 | photographs | MC1310 Volume 7 | https://digitalcollections.tricolib.brynmawr.edu/node/554402 | None |

| Queering the Archive: Mary Hoxie Jones and Frances Ferris | 1940 Census | censues | From Ancestry | https://www.ancestryinstitution.com/search/collections/2442/records/16085305?tid=17723556&pid=547412126&ssrc=pt&_gl=1*1j0k9mt*_up*MQ..*_ga*MjAwNDIyMDg1MS4xNzc0NTMxNjY3*_ga_4QT8FMEX30*c2JlYmM0NDNiLWE3NjMtNDE1NC1hNzJhLWNhZmJiYmYzNDBmNSRvMSRnMCR0MTc3NDUzMTY2NiRqNjAkbDAkaDA.*_ga_LMK6K2LSJH*c2JlYmM0NDNiLWE3NjMtNDE1NC1hNzJhLWNhZmJiYmYzNDBmNSRvMSRnMCR0MTc3NDUzMTY2NiRqNjAkbDAkaDA. |  None |

| Queering the Archive: Mary Hoxie Jones and Frances Ferris | 1950 Census | censuses | From Ancestry | https://www.ancestryinstitution.com/imageviewer/collections/62308/images/43290879-Pennsylvania-024888-0015?pId=235253112 |  None |

| Queering the Archive: Mary Hoxie Jones and Frances Ferris | Letter from Frances Canby Ferris to MHJ, 1961 July 25 | letters (correspondence) | MC1130 Box 113 Folder 8 | https://digitalcollections.tricolib.brynmawr.edu/node/537069 | None |

| Queering the Archive: Mary Hoxie Jones and Frances Ferris | Letter from MHJ to FCF, 1961 June 14 | letters (correspondence) | MC1130 Box 119 Folder 8 | https://digitalcollections.tricolib.brynmawr.edu/node/537075 | None |

| Queering the Archive: Mary Hoxie Jones and Frances Ferris | Letter from Elizabeth Gray Vining to Mary Hoxie Jones, 1987 April 26 | letters (correspondence) | MC950_199_01 | https://digitalcollections.tricolib.brynmawr.edu/node/537060 | None |

| Queering the Archive: Mary Hoxie Jones and Frances Ferris | Letter from Mary Hoxie Jones to Frances Ferris, 1961 July 30 | letters (correspondence) | MC1130 Box 119 Folder 8 | https://digitalcollections.tricolib.brynmawr.edu/node/537092 | None |

| Queering the Archive: Mary Hoxie Jones and Frances Ferris | Towards a Quaker View of Sex | books | BX7968_S5_H56_1964 | https://tripod.haverford.edu/permalink/01TRI_INST/mh8mqq/alma991008371269704921 | In Copyright |

| Queering the Archive: Mary Hoxie Jones and Frances Ferris | "Sapphic" poem by MHJ in her book "Arrows of Desire", 1931 | poems | BX7723.J78 A7 | https://tripod.haverford.edu/permalink/01TRI_INST/mh8mqq/alma991012086419704921 | Not in Copyright |

| Queering the Archive: Mary Hoxie Jones and Frances Ferris | "Sudden Encounter" poem by MHJ in her book "Tracing the Rainbow", 1996 | poems | BX7723.J78.T759.1995 | https://tripod.haverford.edu/permalink/01TRI_INST/mh8mqq/alma991007505579704921 | In Copyright |

Queering the Archive: Mary Hoxie Jones and Frances Ferris  Letter from Frances Ferris to Mary Hoxie Jones, 1961 August 26  letters (correspondence)  MC1130 Box 113 Folder 8  https://digitalcollections.tricolib.brynmawr.edu/node/537072  None

Queering the Archive: Mary Hoxie Jones and Frances Ferris  Letter from Mary Hoxie Jones to Frances Ferris, 1961 July 10  letters (correspondence)  MC1130 Box 119 Folder 8  https://digitalcollections.tricolib.brynmawr.edu/node/537082  None

Queering the Archive: Mary Hoxie Jones and Frances Ferris  Letter from Mary Hoxie Jones to Frances Ferris, 1961 July 10  letters (correspondence)  MC1130 Box 119 Folder 8  https://digitalcollections.tricolib.brynmawr.edu/node/537085  None
